{
    "oa": 0.6432508826255798,
    "aa": 0.5304090976715088,
    "classes_acc": [
        0.9212951064109802,
        0.8068771362304688,
        0.0,
        0.009057225659489632,
        1.0,
        0.7297734618186951,
        0.0007594167836941779,
        0.7755101919174194
    ],
    "oa_known": 0.4993266463279724,
    "aa_known": 0.49539464712142944,
    "unknown": 0.7755101919174194,
    "hos": 0.6045827865600586
}