{
    "oa": 0.726055920124054,
    "aa": 0.6240514516830444,
    "classes_acc": [
        0.9692023992538452,
        0.5089749097824097,
        0.3385474979877472,
        0.6827226281166077,
        1.0,
        0.45210355520248413,
        0.1965370625257492,
        0.8443235158920288
    ],
    "oa_known": 0.5973573923110962,
    "aa_known": 0.5925840139389038,
    "unknown": 0.8443235158920288,
    "hos": 0.6964019536972046
}