{
    "oa": 0.519728422164917,
    "aa": 0.4663955569267273,
    "classes_acc": [
        0.5313807725906372,
        0.03193649649620056,
        0.367963045835495,
        0.9624060392379761,
        0.6249120235443115,
        0.7209857106208801,
        0.03562551736831665,
        0.45595496892929077
    ],
    "oa_known": 0.5428377389907837,
    "aa_known": 0.4678870737552643,
    "unknown": 0.45595496892929077,
    "hos": 0.46184396743774414
}